label,centroid-0,centroid-1,orientation,solution,frame,set
0,0.6183061782535795,-0.0278222867471567,5.462736158672862,0.0,0,0
1,2.9803067580564706,2.0452097829139895,0.5434351134555634,0.0,0,0
2,1.8985874190377645,-2.7003235114039392,5.5228700630964225,0.0,0,0
3,-1.8866888250264318,1.706454648505387,0.613164276389652,0.0,0,0
4,2.9833040737644962,2.9128137708049335,4.453530223116224,0.0,0,0
5,-0.2610559495133593,2.4601760783042765,0.7920106917465906,0.0,0,0
6,1.104271380116792,1.4115976685844505,0.5244624902406182,0.0,0,0
7,-1.1774265799369081,-1.7409828287178555,6.1097127691377855,0.0,0,0
8,-1.2158255568406362,2.354632287870019,1.5809642526800731,0.0,0,0
9,1.3559063989615883,3.1171683740222162,3.909638791607413,0.0,0,0
10,0.6224313082492097,-0.03211088870067558,5.462471986274314,0.0,1,0
11,2.9854028288462677,2.029268744953427,0.5428417954979279,0.0,1,0
12,1.9029295580566645,-2.70445989346723,5.521808040276893,0.0,1,0
13,-1.8870552062511674,1.7047457285709735,0.6130359421924461,0.0,1,0
14,2.981692251210699,2.9255536515357305,4.451134569892615,0.0,1,0
15,-0.25216970898623914,2.4649129738702555,0.7929803054801754,0.0,1,0
16,1.1094155680743785,1.414591287118828,0.5234577778997102,0.0,1,0
17,-1.171520187810139,-1.742011672340562,6.108846948171626,0.0,1,0
18,-1.2151327541023171,2.365297397514887,1.578428046242013,0.0,1,0
19,1.3516245493488284,3.1129264948293294,3.907396292996654,0.0,1,0
20,0.6265511908004239,-0.0363975253136802,5.4632834245575665,0.0,2,0
21,2.990591996896655,2.0194133372383045,0.5425691002361421,0.0,2,0
22,1.9072791250926593,-2.7085982581324024,5.523089791784721,0.0,2,0
23,-1.886646679523439,1.703727193759178,0.6129933034756848,0.0,2,0
24,2.979966790214179,2.9325037698641623,4.449706541970854,0.0,2,0
25,-0.2438436651924895,2.469562317224133,0.7914548076914572,0.0,2,0
26,1.1145729422502524,1.4175767603903848,0.522004205996805,0.0,2,0
27,-1.1656097059051336,-1.743052609880838,6.107917135112378,0.0,2,0
28,-1.21464262693223,2.3753839860686483,1.5774663574485188,0.0,2,0
29,1.34733457364727,3.108684061575346,3.9052147791074945,0.0,2,0
30,0.6306780119551267,-0.040701090623393846,5.465025230455172,0.0,3,0
31,2.995848776816881,2.0123242813146707,0.5406868226137371,0.0,3,0
32,1.9116342198289908,-2.7127286021560315,5.5242907713765685,0.0,3,0
33,-1.8856579655621202,1.703206835855994,0.6131636356102973,0.0,3,0
34,2.9781766430432692,2.936775577453205,4.447169371836914,0.0,3,0
35,-0.23600124284293675,2.474150085793748,0.793789247726776,0.0,3,0
36,1.1197327898767555,1.4205622830870392,0.5215475412522529,0.0,3,0
37,-1.1596969755369586,-1.7440999556055834,6.105667003658624,0.0,3,0
38,-1.2142489235293354,2.3850370549371593,1.5773353907890257,0.0,3,0
39,1.3430298581227365,3.1044592436964136,3.903679228765598,0.0,3,0
40,0.6348014140252956,-0.044993197426944354,5.466748686304918,0.0,4,0
41,3.0011585226059,2.0068198960038273,0.5388631388465129,0.0,4,0
42,1.9159863733363809,-2.716861337428714,5.524260315993348,0.0,4,0
43,-1.884218291332735,1.703077652163402,0.6117465089044418,0.0,4,0
44,2.9763319635419148,2.9395030341488693,4.444423941400519,0.0,4,0
45,-0.2285709176294053,2.478675896374774,0.7906703707022621,0.0,4,0
46,1.124891200966446,1.423557010060499,0.5231029732708288,0.0,4,0
47,-1.1537886697448225,-1.7451566579997595,6.1061201417109645,0.0,4,0
48,-1.2138913702209013,2.394347121165945,1.5791588870792193,0.0,4,0
49,1.338721192160536,3.100219244480505,3.9041031204049643,0.0,4,0
50,0.6389395688602955,-0.04926697969161284,5.467706934317159,0.0,5,0
51,3.0064994642660117,2.0023398633589027,0.5394138500163961,0.0,5,0
52,1.9203353955361324,-2.7209881341860895,5.524680860861893,0.0,5,0
53,-1.8824229523460343,1.7032612703735983,0.6099267783050619,0.0,5,0
54,2.974447848518229,2.941212867937333,4.445584823088098,0.0,5,0
55,-0.2214697205414846,2.4831517444867055,0.7899953004116496,0.0,5,0
56,1.1300544535656558,1.4265555784781276,0.5226452662849244,0.0,5,0
57,-1.1478871553604995,-1.7462134390138402,6.105469070886375,0.0,5,0
58,-1.213555402225872,2.4033962294903013,1.5779270233982658,0.0,5,0
59,1.3343992795020168,3.095980308838314,3.9032635426240923,0.0,5,0
60,0.6430804042249963,-0.05355401093129075,5.467412089343177,0.0,6,0
61,3.011859644384758,1.9985848962226636,0.5399464176180615,0.0,6,0
62,1.9246847052017586,-2.725114847591006,5.525398927252869,0.0,6,0
63,-1.8803238263625208,1.703700771880183,0.6092506905060584,0.0,6,0
64,2.9725268033464203,2.9422277989863583,4.442199073169806,0.0,6,0
65,-0.21467646402528873,2.4875874448524757,0.7875866745101426,0.0,6,0
66,1.135212109207113,1.4295508236446426,0.5225123846589884,0.0,6,0
67,-1.1419757291792814,-1.74727211586861,6.102852272434921,0.0,6,0
68,-1.213197448584521,2.4122193189921113,1.5794810074904533,0.0,6,0
69,1.3300779768097022,3.091740472005633,3.9060848297918995,0.0,6,0
70,0.6472215629980234,-0.05784673915191797,5.465267749774542,0.0,7,0
71,3.017251142808241,1.9953533833731618,0.5408548134693991,0.0,7,0
72,1.929039853235652,-2.72923571672394,5.5255625685834255,0.0,7,0
73,-1.8779834916655165,1.704359427310226,0.6071109891933574,0.0,7,0
74,2.970571029313527,2.9427285630834374,4.4418376513358595,0.0,7,0
75,-0.20813927320148579,2.4919836970622664,0.788489064614494,0.0,7,0
76,1.140368385859151,1.4325671318103708,0.5245050196703922,0.0,7,0
77,-1.1360745402988914,-1.7483521593542983,6.101816037219569,0.0,7,0
78,-1.2128471569391093,2.420850832317954,1.5813135761139465,0.0,7,0
79,1.3257631185066876,3.0874896483875585,3.907148909118771,0.0,7,0
80,0.6513443935481626,-0.062142330592899905,5.465414446966521,0.0,8,0
81,3.0226656409757187,1.9925229124654529,0.5406629787667339,0.0,8,0
82,1.9333932415384838,-2.733355877528557,5.525545146808716,0.0,8,0
83,-1.875416904336437,1.7052050370631073,0.6094885966304568,0.0,8,0
84,2.968578090827629,2.9428352420877766,4.439848620014517,0.0,8,0
85,-0.20183985107806016,2.4963609692739657,0.7899480399747992,0.0,8,0
86,1.1455216093720286,1.435594561469024,0.5243176705716315,0.0,8,0
87,-1.130166740779092,-1.7494314723992217,6.101697107831731,0.0,8,0
88,-1.2124829174339182,2.429318891033046,1.5823962640154163,0.0,8,0
89,1.3214494298653845,3.0832250889674255,3.908841306604541,0.0,8,0
90,0.6554759806554314,-0.06643732164159272,5.466180910109924,0.0,9,0
91,3.0281159602964256,1.9899945252455316,0.5394610100512257,0.0,9,0
92,1.9377411246296579,-2.737485529685653,5.522746749435625,0.0,9,0
93,-1.8726763561149917,1.7062211990683185,0.608299493972038,0.0,9,0
94,2.9665544259737353,2.942650581180676,4.43849168568808,0.0,9,0
95,-0.19574041841164974,2.5007174693424,0.7887394523088774,0.0,9,0
96,1.1506824059160805,1.4386172202793126,0.5236546960650886,0.0,9,0
97,-1.1242681659359184,-1.7505198064475433,6.101617518192481,0.0,9,0
98,-1.2121008983401398,2.43764650372839,1.5835899354713356,0.0,9,0
99,1.3171349584264946,3.0789562701408077,3.909620402756058,0.0,9,0
100,0.6596003744201949,-0.07073415454530534,5.467372124486547,0.0,10,0
101,3.033593175243406,1.9877251055062868,0.540638540562864,0.0,10,0
102,1.9420871083405487,-2.741619053707467,5.52222940302039,0.0,10,0
103,-1.8697744041361344,1.7073867682817563,0.6079393749902048,0.0,10,0
104,2.9645000998265907,2.9422165420807898,4.440049212390504,0.0,10,0
105,-0.18983113901049184,2.505058976422331,0.79076296202149,0.0,10,0
106,1.1558449829711182,1.4416422113542138,0.5228764555192721,0.0,10,0
107,-1.1183655804793986,-1.751606279831651,6.101318376693997,0.0,10,0
108,-1.2117033483647934,2.4458411341046666,1.5829635312071997,0.0,10,0
109,1.3128231884580503,3.0746788716429077,3.910416903362669,0.0,10,0
110,0.6641504863965259,-0.07546707946881229,5.466849164462317,0.0,11,0
111,3.0396549788877274,1.985462666810334,0.5416807367821224,0.0,11,0
112,1.9468679713113728,-2.7461635010751113,5.522825669994522,0.0,11,0
113,-1.8664157640839782,1.7088085352807862,0.6083273535319212,0.0,11,0
114,2.9622209358810063,2.941499212784905,4.443441434120729,0.0,11,0
115,-0.183510654092199,2.5098256386088607,0.7885019089882774,0.0,11,0
116,1.1615202259740447,1.4449699197036545,0.524266844233941,0.0,11,0
117,-1.1118644211902646,-1.7527871543815405,6.103218957233601,0.0,11,0
118,-1.2112418684252042,2.454728016429573,1.58397958572242,0.0,11,0
119,1.308077264623577,3.0699718465748065,3.9101002263226103,0.0,11,0
120,0.6682881147865168,-0.07976232785625897,5.468187434518878,0.0,12,0
121,3.0451849326090783,1.9835777167940205,0.5401978531221208,0.0,12,0
122,1.9512113026705051,-2.750309957327705,5.521872420384832,0.0,12,0
123,-1.8632324025669882,1.7102293788846206,0.6106501531586189,0.0,12,0
124,2.9601406533735326,2.940675702147691,4.442621254228042,0.0,12,0
125,-0.17789976931873575,2.5141288032580276,0.7845790565826172,0.0,12,0
126,1.1666931327431203,1.4480091743383992,0.5242936117085554,0.0,12,0
127,-1.10594752660214,-1.753863402579321,6.102638533843563,0.0,12,0
128,-1.2108006478951459,2.46269427154148,1.5831771448278191,0.0,12,0
129,1.3037469918359592,3.0656963371767687,3.907764398117454,0.0,12,0
130,0.6724233183825166,-0.0840686819500277,5.46497491147813,0.0,13,0
131,3.050739282019197,1.981834864423191,0.5401240217305905,0.0,13,0
132,1.9555479943614953,-2.754447899117378,5.520773258182945,0.0,13,0
133,-1.859940853598877,1.7117475866587575,0.6061225328757199,0.0,13,0
134,2.958032342888673,2.9397060193546554,4.441031796191796,0.0,13,0
135,-0.1724006929298235,2.5184046635991586,0.7828378523893895,0.0,13,0
136,1.1718591081849654,1.4510573905285185,0.5224110890717604,0.0,13,0
137,-1.1000338577994153,-1.7549379507754062,6.102925176067193,0.0,13,0
138,-1.2103351531804212,2.4705736313906685,1.5830276981369331,0.0,13,0
139,1.299407931138758,3.0614198082073334,3.9066307034497743,0.0,13,0
140,0.6765448455142989,-0.08838721272189572,5.464890891017074,0.0,14,0
141,3.0563272657771967,1.980210134028671,0.538733402049303,0.0,14,0
142,1.9598860465372778,-2.7586049577176017,5.519800276503877,0.0,14,0
143,-1.8565370780194546,1.7133341699144287,0.6046035466740756,0.0,14,0
144,2.955879714170375,2.938627476312884,4.44075195977078,0.0,14,0
145,-0.16700860514538649,2.5226685437260787,0.7826304149227498,0.0,14,0
146,1.1770203181701968,1.4540952947658448,0.5218653233480061,0.0,14,0
147,-1.0941221631911682,-1.756013480710955,6.101880556619306,0.0,14,0
148,-1.2098666976061825,2.478370421058269,1.5847728297604557,0.0,14,0
149,1.2950561047662559,3.057146740079793,3.9064662373904087,0.0,14,0
150,0.6806672669181453,-0.09269712933290548,5.46457809539423,0.0,15,0
151,3.061948548049917,1.9786848155734695,0.5396589744484772,0.0,15,0
152,1.9642198690385255,-2.7627523839321855,5.519137126713106,0.0,15,0
153,-1.853043670547578,1.7150238937750255,0.6076342161151788,0.0,15,0
154,2.953705180363495,2.9374350656206385,4.442315199638136,0.0,15,0
155,-0.16172312236339803,2.5269407117680323,0.7870368599999995,0.0,15,0
156,1.1821924366339065,1.4571407567434818,0.5226118922257875,0.0,15,0
157,-1.0882266523513129,-1.7570956382817016,6.102906754161254,0.0,15,0
158,-1.2093956946104836,2.486084357899631,1.5873550497480067,0.0,15,0
159,1.2907119141333883,3.052868182061781,3.9050926796520646,0.0,15,0
160,0.684784589980827,-0.09701334074359846,5.465190863714483,0.0,16,0
161,3.0675858944771592,1.9772634204869088,0.5401266282964882,0.0,16,0
162,1.9685527633752211,-2.76689821805806,5.51957085384003,0.0,16,0
163,-1.8494707719465107,1.7167911154873101,0.6061280925142681,0.0,16,0
164,2.9515185540469404,2.9361484243837097,4.442903667700103,0.0,16,0
165,-0.1565428926809872,2.5312049407882418,0.7860110465342923,0.0,16,0
166,1.1873626324036595,1.4601952936346123,0.5214807171917298,0.0,16,0
167,-1.0823255799896578,-1.7581681370494415,6.102624542660558,0.0,16,0
168,-1.2089343699025177,2.493731296420024,1.5891530973224544,0.0,16,0
169,1.2863512280918317,3.04859208080835,3.9049480583514393,0.0,16,0
170,0.6889034648018675,-0.10133292735288366,5.463987273543067,0.0,17,0
171,3.07324693709338,1.9759219612427397,0.539636079913696,0.0,17,0
172,1.97289255357036,-2.7710499300844225,5.520157397985913,0.0,17,0
173,-1.8458292272787344,1.7186092259387191,0.6039270368176688,0.0,17,0
174,2.9493056325992755,2.9347800879708164,4.444258583333503,0.0,17,0
175,-0.15144322414826447,2.535468569133829,0.7870884026330909,0.0,17,0
176,1.1925353611144094,1.4632397859102344,0.5200704492879473,0.0,17,0
177,-1.076418347690325,-1.7592401269497957,6.104558925824544,0.0,17,0
178,-1.2084694797807096,2.501318502993703,1.5909054242499785,0.0,17,0
179,1.2819830130515342,3.044316683525522,3.905523586685118,0.0,17,0
180,0.6930206698560958,-0.10565486069181572,5.465175335418115,0.0,18,0
181,3.078934350035132,1.9746568662465702,0.5399643403457616,0.0,18,0
182,1.9772324812893611,-2.7751876853294695,5.5231317762247985,0.0,18,0
183,-1.8421007741899769,1.7204936464278762,0.6038383809122676,0.0,18,0
184,2.947065299240139,2.93333362369638,4.4431233019047545,0.0,18,0
185,-0.14643314764376714,2.5397378463889653,0.7872021972683734,0.0,18,0
186,1.1977139128607628,1.4662878695159667,0.5230242315752743,0.0,18,0
187,-1.0705040966817168,-1.7603009170537958,6.104257258922844,0.0,18,0
188,-1.2079885672318578,2.508841277571489,1.587259886739846,0.0,18,0
189,1.2776155702063285,3.040030810811913,3.9048791809904158,0.0,18,0
190,0.697145334627368,-0.10997031665490671,5.4660684723564925,0.0,19,0
191,3.084655865630431,1.9734560080423815,0.5389753619033537,0.0,19,0
192,1.981580718499187,-2.779318899577516,5.521202573050582,0.0,19,0
193,-1.8383119748402321,1.722454173775578,0.6056939333747954,0.0,19,0
194,2.9447963842208815,2.9318171107537596,4.442365149612426,0.0,19,0
195,-0.1414928958824195,2.543998861083047,0.7883663221385133,0.0,19,0
196,1.2028938579261876,1.469350273561568,0.5219985903393295,0.0,19,0
197,-1.0646027520105024,-1.7613697682879783,6.1044477599755425,0.0,19,0
198,-1.2074813315046389,2.5163107947968837,1.5858099237052117,0.0,19,0
199,1.2732368287072469,3.035748043705853,3.9059415160012882,0.0,19,0
200,0.7012648853615508,-0.1142784887852867,5.466422323960626,0.0,20,0
201,3.0904008990795653,1.9723227491647926,0.538680540550657,0.0,20,0
202,1.98592151138537,-2.783465681346851,5.521603328730839,0.0,20,0
203,-1.8344661787928005,1.7244716364590271,0.6053241629859442,0.0,20,0
204,2.9424956741558863,2.9302352662659485,4.442580918930247,0.0,20,0
205,-0.13660565240180714,2.548263195544563,0.7894228558544554,0.0,20,0
206,1.2080611854607255,1.4724149659183567,0.5243693496621076,0.0,20,0
207,-1.058689924610131,-1.76243832361777,6.10354218148448,0.0,20,0
208,-1.2069648850043166,2.5237257782864093,1.58684460734541,0.0,20,0
209,1.2688553223038401,3.031459656284482,3.904957498649734,0.0,20,0
210,0.7053886228084898,-0.11859602754717921,5.46857233540289,0.0,21,0
211,3.0961745658012045,1.9712430814340338,0.5378883801949282,0.0,21,0
212,1.9902612521790408,-2.7875996263373453,5.521779761272058,0.0,21,0
213,-1.830574613758338,1.7265396782489781,0.6071018983129688,0.0,21,0
214,2.940166986674419,2.928599540312975,4.441802791841372,0.0,21,0
215,-0.1317926608209564,2.552524983732973,0.7885372492871133,0.0,21,0
216,1.2132252125171459,1.4754903747945272,0.5234166098510383,0.0,21,0
217,-1.0527886554536718,-1.763508009766916,6.104817647299733,0.0,21,0
218,-1.2064370084126705,2.531088161197095,1.586827735049555,0.0,21,0
219,1.2644751527745288,3.0271698733744494,3.9068904242978983,0.0,21,0
220,0.7099273842939415,-0.12333925341307991,5.4686029911268506,0.0,22,0
221,3.102561014397102,1.9701154453579237,0.5373854048852978,0.0,22,0
222,1.9950456668157157,-2.7921455737977214,5.5221569903486385,0.0,22,0
223,-1.8262313255085993,1.7288798566082006,0.6086775125236977,0.0,22,0
224,2.9375742487273393,2.9267360618988927,4.441497784584109,0.0,22,0
225,-0.1265466219615141,2.557227589921502,0.7891942526714271,0.0,22,0
226,1.218918777916927,1.4788739856126178,0.5244059790862936,0.0,22,0
227,-1.0462905022768254,-1.7646778353122572,6.106769556340183,0.0,22,0
228,-1.2058685275120693,2.539135948725859,1.5867848062017884,0.0,22,0
229,1.2596567756040085,3.0224348408824215,3.907688798575834,0.0,22,0
230,0.7140582154704911,-0.12765015371683053,5.467537379052398,0.0,23,0
231,3.108402434954712,1.9691526479037387,0.5381640370158807,0.0,23,0
232,1.999386440234293,-2.7962899592092163,5.520973459965131,0.0,23,0
233,-1.8222379365666408,1.731064589435519,0.6082712612466202,0.0,23,0
234,2.9351872762324875,2.9249786228293466,4.439543013770459,0.0,23,0
235,-0.12183178448522178,2.561496526163352,0.7878789320206941,0.0,23,0
236,1.2240862577467053,1.4819658992572156,0.5246773925168138,0.0,23,0
237,-1.0403737889317424,-1.7657332314795988,6.104863310753484,0.0,23,0
238,-1.2053385982147218,2.5464037098549395,1.58606642380114,0.0,23,0
239,1.255265537534843,3.0181234778931807,3.9069953002577007,0.0,23,0
240,0.718187815174996,-0.1319705285962669,5.4685177259451185,0.0,24,0
241,3.114265449817018,1.9682397908174043,0.5386753101664676,0.0,24,0
242,2.0037299286529646,-2.8004290389706945,5.5214746360048075,0.0,24,0
243,-1.8181991750553128,1.7332881947115006,0.6088985752951016,0.0,24,0
244,2.9327640250392912,2.9231818358325907,4.43808729572648,0.0,24,0
245,-0.11714979679307519,2.5657637876258845,0.7894904208114529,0.0,24,0
246,1.2292497772552604,1.485063201769964,0.5245603063237688,0.0,24,0
247,-1.0344644840214565,-1.7667946611167409,6.106525147815448,0.0,24,0
248,-1.204795523320217,2.5536247142773534,1.5849250822672507,0.0,24,0
249,1.2508686099197848,3.0138126227991986,3.9065289653359163,0.0,24,0
250,0.722317551993276,-0.13628318569771172,5.46968271166457,0.0,25,0
251,3.120151538936871,1.9673830267309838,0.5404526396369006,0.0,25,0
252,2.0080701530410443,-2.8045773768646467,5.520815073626009,0.0,25,0
253,-1.8141269126107886,1.735555732193017,0.6078814332556689,0.0,25,0
254,2.9303063211187275,2.921327443661572,4.437436705604031,0.0,25,0
255,-0.11250808231924009,2.57003419650854,0.7896375299470408,0.0,25,0
256,1.2344150876614508,1.4881685412156085,0.5244727824847532,0.0,25,0
257,-1.0285517528326853,-1.7678443335063114,6.105832190358456,0.0,25,0
258,-1.2042466642190373,2.560798505700475,1.584044811982869,0.0,25,0
259,1.2464622421151377,3.0095019898382764,3.905927177230291,0.0,25,0
260,0.7264514134003462,-0.14059215758116528,5.470818219471903,0.0,26,0
261,3.1260565828972267,1.9665869690324123,0.5423936590537766,0.0,26,0
262,2.0124111560476945,-2.8087274771275,5.519506836849475,0.0,26,0
263,-1.8100077534471888,1.7378572847894056,0.6065784768256755,0.0,26,0
264,2.927829993740588,2.919424086348754,4.437769337864235,0.0,26,0
265,-0.10789726917469682,2.57429986287595,0.7876415807213403,0.0,26,0
266,1.2395869285410783,1.491271662490003,0.5242030362555568,0.0,26,0
267,-1.0226383355510604,-1.7689024151760755,6.10411000574457,0.0,26,0
268,-1.2036881461143547,2.5679475371150913,1.5832204373905543,0.0,26,0
269,1.2420527901967828,3.0051754238610577,3.907776852542044,0.0,26,0
270,0.7305888898428755,-0.144903455813497,5.46977479235965,0.0,27,0
271,3.13196649773808,1.965839600254573,0.5426648686134784,0.0,27,0
272,2.0167457852457775,-2.8128780297566984,5.520138272081896,0.0,27,0
273,-1.805853751224511,1.7401803006971248,0.6060852914866065,0.0,27,0
274,2.9253269011342082,2.917470368255003,4.440246157654572,0.0,27,0
275,-0.10330780155674364,2.578558659186932,0.7884628155825819,0.0,27,0
276,1.2447484511117453,1.4943676062473243,0.5240061104043325,0.0,27,0
277,-1.016731957940145,-1.7699684026518059,6.104541654962716,0.0,27,0
278,-1.2031313726953932,2.5750523640554137,1.582120207914773,0.0,27,0
279,1.2376316899725277,3.0008426983625056,3.9077149763996197,0.0,27,0
280,0.7347189238443211,-0.14921828308881985,5.46942361625076,0.0,28,0
281,-3.1290754373003686,1.9677729801303065,0.5432280731779421,0.0,28,0
282,2.021079412849008,-2.81702629556047,5.5225598240969145,0.0,28,0
283,-1.8018195006811246,1.7425700977513496,0.6066460913167336,0.0,28,0
284,2.9235031953564583,2.912454622060104,4.442537974778674,0.0,28,0
285,-0.0987602502926208,2.5828281677765967,0.7900782695000166,0.0,28,0
286,1.2498966192483358,1.4974695069318187,0.524488726678321,0.0,28,0
287,-1.0108286530157502,-1.771029199544104,6.103410571434977,0.0,28,0
288,-1.20258455048931,2.5821212051664424,1.5829657037149356,0.0,28,0
289,1.2332053757651107,2.9965175338202035,3.9081553079374505,0.0,28,0
290,0.7388504120674739,-0.15353568985023983,5.470900790681209,0.0,29,0
291,-3.1237248874402312,1.9708434152700363,0.541768427265647,0.0,29,0
292,2.0254365204438933,-2.821167046641438,5.52407224232542,0.0,29,0
293,-1.7977979301109848,1.7450060011832091,0.607032140845927,0.0,29,0
294,2.921840294030289,2.9066765186472234,4.444349379610794,0.0,29,0
295,-0.09423599298327161,2.587098687019818,0.7905728390426325,0.0,29,0
296,1.25504724210461,1.5005809625033577,0.5246815974448118,0.0,29,0
297,-1.0049239054969048,-1.772101978707889,6.103310951285207,0.0,29,0
298,-1.2020397494827482,2.58915528635694,1.5815362911212651,0.0,29,0
299,1.2287786812669874,2.9921829240357547,3.907013758679275,0.0,29,0
300,0.7429837432415809,-0.15785694665135463,5.468072650888749,0.0,30,0
301,-3.118371238338182,1.9739168170701231,0.5412557466474124,0.0,30,0
302,2.0297877061788827,-2.8252844586407586,5.522336789981832,0.0,30,0
303,-1.7937480379709505,1.7474789754073143,0.606641826218657,0.0,30,0
304,2.9201812817497976,2.900886670892526,4.444679235299716,0.0,30,0
305,-0.08975323613110513,2.591376291393715,0.788929953510189,0.0,30,0
306,1.2601861047053566,1.5037041203853525,0.5264701522198082,0.0,30,0
307,-0.9990141773752631,-1.773176950550701,6.101896033825695,0.0,30,0
308,-1.201493572859957,2.5961585023011913,1.5808720428543865,0.0,30,0
309,1.2243273135342343,2.9878455741422942,3.9080421910378838,0.0,30,0
310,0.7471079476648579,-0.16218248305850722,5.46883746534329,0.0,31,0
311,-3.11301967731464,1.976974329326177,0.5426274802112473,0.0,31,0
312,2.0341339173468467,-2.8294175319477866,5.524542615276314,0.0,31,0
313,-1.7896655008084692,1.7499843343471095,0.6057104858112474,0.0,31,0
314,2.9185495282118636,2.895096646897993,4.445483024985057,0.0,31,0
315,-0.08527841391260664,2.5956386982534507,0.7882958916120797,0.0,31,0
316,1.2653228400102605,1.506836484898411,0.5288694574494663,0.0,31,0
317,-0.9931063592171306,-1.77424916747869,6.10223906928668,0.0,31,0
318,-1.2009400512900663,2.6031314654645796,1.5798146932813106,0.0,31,0
319,1.2198784516225265,2.9835040586127404,3.909135662895103,0.0,31,0
320,0.7512325606155812,-0.1665124578533883,5.468611690366942,0.0,32,0
321,-3.1076652172338,1.9800488901066329,0.5431433767567074,0.0,32,0
322,2.038487273777612,-2.833535192510974,5.525323719806954,0.0,32,0
323,-1.7855424593511966,1.7525060892763415,0.604976048265304,0.0,32,0
324,2.916913176283006,2.8893140599302507,4.446967713642411,0.0,32,0
325,-0.08080210201566561,2.599894346919344,0.7867603120922135,0.0,32,0
326,1.270452100716426,1.5099855435262404,0.5293311296219967,0.0,32,0
327,-0.9872027939565702,-1.775342314472324,6.100110598618502,0.0,32,0
328,-1.2003847914634955,2.6100725843579156,1.5794686566582452,0.0,32,0
329,1.2154302161655524,2.979148618427759,3.9107200656022103,0.0,32,0
330,0.7557601658621438,-0.17126604885732682,5.4679283143163095,0.0,33,0
331,-3.1017869363413633,1.9834398948114165,0.5454106040697257,0.0,33,0
332,2.0432847138343186,-2.838077478025036,5.524662629352452,0.0,33,0
333,-1.780984443023296,1.7553253820100356,0.6061925681769177,0.0,33,0
334,2.915112421531656,2.88293783051452,4.447201425908541,0.0,33,0
335,-0.0759046538810675,2.6045839790808247,0.7874451984165286,0.0,33,0
336,1.2760975335148614,1.5134570904757214,0.5282048711121768,0.0,33,0
337,-0.9807167458308981,-1.7765465507783036,6.09930256199929,0.0,33,0
338,-1.1997940647170897,2.6176751962481877,1.5809755001461896,0.0,33,0
339,1.210529800768284,2.974351814140625,3.9115105747546783,0.0,33,0
340,0.7598848105789194,-0.1755965410107199,5.468567016948449,0.0,34,0
341,-3.096440587554598,1.986517103888139,0.5434398429044682,0.0,34,0
342,2.0476423148036615,-2.84219709651536,5.5257007763142525,0.0,34,0
343,-1.7768223066422497,1.7579209825311495,0.6065109975267293,0.0,34,0
344,2.913473086993167,2.877138774555604,4.445878082699611,0.0,34,0
345,-0.0714729852880886,2.608845494394885,0.7869009414360923,0.0,34,0
346,1.281238769750688,1.5166085268650737,0.5293955744577704,0.0,34,0
347,-0.9748170641403316,-1.7776498975797157,6.0991222087685015,0.0,34,0
348,-1.1992546755981859,2.6245471802356666,1.58064599760351,0.0,34,0
349,1.2060805315382004,2.9699713860416908,3.910617558080877,0.0,34,0
350,0.7640094041921907,-0.17992229503067894,5.469239250936544,0.0,35,0
351,-3.0910859108284443,1.9895866947899625,0.5426578203635269,0.0,35,0
352,2.0520075217967224,-2.84631366845502,5.527520438731383,0.0,35,0
353,-1.7726379495107532,1.76054057078384,0.6077933742622874,0.0,35,0
354,2.9118359097593975,2.8713423350071308,4.4462519827728215,0.0,35,0
355,-0.06705435549206441,2.613111220593467,0.7877034171591522,0.0,35,0
356,1.2863688404716411,1.5197731945036368,0.5293872575758527,0.0,35,0
357,-0.9689206472072786,-1.778738471546637,6.1021714466695665,0.0,35,0
358,-1.1987202135562327,2.631397700137357,1.5811504293763803,0.0,35,0
359,1.201619715241641,2.9655882104429727,3.910888541780941,0.0,35,0
360,0.7681400510339437,-0.18425450602573276,5.469982169053705,0.0,36,0
361,-3.085721015158697,1.992648750483409,0.5417860277875723,0.0,36,0
362,2.056373894489173,-2.850434622805353,5.526780560985154,0.0,36,0
363,-1.7684356821391514,1.763190257179703,0.6079919315709077,0.0,36,0
364,2.9101943137665516,2.8655542271658136,4.445969356304377,0.0,36,0
365,-0.06265247043691798,2.6173786000117194,0.7871219748228289,0.0,36,0
366,1.2915009729769407,1.5229473916207346,0.5314270475412088,0.0,36,0
367,-0.9630194764077539,-1.77982012932813,6.101186921313458,0.0,36,0
368,-1.1981929926660264,2.638223845837586,1.5792366652629057,0.0,36,0
369,1.197146069701695,2.9612179371833602,3.9106643388600335,0.0,36,0
370,0.7722687068411289,-0.18859038267787348,5.469866121072047,0.0,37,0
371,-3.0803667057468544,1.995718512281365,0.5432529394823999,0.0,37,0
372,2.0607373783732577,-2.8545598190756722,5.524101382575345,0.0,37,0
373,-1.7642087839084064,1.7658706313573853,0.6087267310734269,0.0,37,0
374,2.908562108466769,2.8597554340487488,4.44907753310561,0.0,37,0
375,-0.058266425525991365,2.6216542641734732,0.7899351172505334,0.0,37,0
376,1.2966307998985906,1.5261393575843782,0.5289296991986414,0.0,37,0
377,-0.9571168321315806,-1.7809029212843521,6.099621677765629,0.0,37,0
378,-1.1976540206439312,2.6450157191967927,1.5783568022760297,0.0,37,0
379,1.1926720463828535,2.9568357702706587,3.9104887521453864,0.0,37,0
380,0.7763905205077194,-0.19292639735676292,5.470063210381667,0.0,38,0
381,-3.0750052424592633,1.9987902865151903,0.544204365262369,0.0,38,0
382,2.065099852007165,-2.858686600002808,5.524688293613288,0.0,38,0
383,-1.7599528468632764,1.7685796148327946,0.6091038749846924,0.0,38,0
384,2.9069364268001427,2.8539534100064516,4.447250462293979,0.0,38,0
385,-0.05389854667537772,2.6259274843744613,0.788812242221759,0.0,38,0
386,1.3017607393258555,1.529319531441915,0.5308384601445476,0.0,38,0
387,-0.9512130755663698,-1.7819912202227879,6.0981607936593125,0.0,38,0
388,-1.19712563053573,2.651792776325481,1.5774881773762306,0.0,38,0
389,1.1881943920697975,2.952449695448292,3.9098592088678394,0.0,38,0
390,0.780524833669674,-0.1972482392948724,5.471869843178269,0.0,39,0
391,-3.069650824095468,2.0018562536663804,0.5425922802723986,0.0,39,0
392,2.0694482804931815,-2.86281006168706,5.524611808004099,0.0,39,0
393,-1.7556827027888113,1.7713208365609963,0.6077488128807825,0.0,39,0
394,2.9053025699897193,2.848166827591875,4.445102080611886,0.0,39,0
395,-0.04954066458629132,2.630196361056193,0.7892014688650153,0.0,39,0
396,1.3068827785132286,1.532496374635009,0.528702873860388,0.0,39,0
397,-0.9453077452943512,-1.783090302777803,6.097938847549653,0.0,39,0
398,-1.1966003422339102,2.6585528944365757,1.5765882652017864,0.0,39,0
399,1.1837165920034707,2.9480621425317484,3.9103415649506568,0.0,39,0
400,0.7846568066417126,-0.20156776010140917,5.471526608929538,0.0,40,0
401,-3.0642901564914498,2.0049245676094287,0.5412986332919555,0.0,40,0
402,2.073801962135698,-2.8669348997528425,5.525461481964759,0.0,40,0
403,-1.7513916807131285,1.7740679515584128,0.607691207317813,0.0,40,0
404,2.903664631993106,2.8423682532509567,4.445054497232185,0.0,40,0
405,-0.04518990520040848,2.6344763728613927,0.790192034784187,0.0,40,0
406,1.312016573270722,1.5356817406056407,0.5285487440253199,0.0,40,0
407,-0.9394005262468397,-1.784183702122038,6.098639451051416,0.0,40,0
408,-1.19606417282499,2.6652807218622185,1.5764648676620756,0.0,40,0
409,1.1792348938027093,2.9436671550025126,3.912128119370402,0.0,40,0
410,0.7887932657534572,-0.20588783233442076,5.473121421506332,0.0,41,0
411,-3.058918404845325,2.0079846721611796,0.5410035846265165,0.0,41,0
412,2.078155993530734,-2.87107187946419,5.523511838460622,0.0,41,0
413,-1.7470908301677828,1.7768285515209252,0.607943344858954,0.0,41,0
414,2.9020204681872435,2.8365730978986194,4.443718190107122,0.0,41,0
415,-0.04086035571762706,2.638758744924686,0.7906326001423731,0.0,41,0
416,1.3171491303710918,1.538866737330107,0.5274962089422591,0.0,41,0
417,-0.9334990948555263,-1.785272555022069,6.100543076822977,0.0,41,0
418,-1.1955255255784123,2.6719863976199663,1.575165108671813,0.0,41,0
419,1.1747541961394667,2.9392709547169917,3.911563456914718,0.0,41,0
420,0.7929349249145604,-0.21020279041218531,5.473167883819637,0.0,42,0
421,-3.053550422525815,2.0110427473410057,0.5394404637204537,0.0,42,0
422,2.0825058877880793,-2.8751993015393036,5.522562084105266,0.0,42,0
423,-1.742759339628238,1.779608444176101,0.6062240299001013,0.0,42,0
424,2.9003702152454807,2.8307895965668965,4.445034226597687,0.0,42,0
425,-0.036536486381793035,2.6430414233421615,0.7929079205435288,0.0,42,0
426,1.3222757428501628,1.5420573760207958,0.5308165222132801,0.0,42,0
427,-0.9275953977145647,-1.7863648676208002,6.101381899610739,0.0,42,0
428,-1.1949914355927398,2.678672435237384,1.575395406757066,0.0,42,0
429,1.1702848250392734,2.9348674955181364,3.9127814703561965,0.0,42,0
430,0.7970721666368012,-0.21452572745898754,5.47037496685545,0.0,43,0
431,-3.0481856922521704,2.0140959028045526,0.5382566271862278,0.0,43,0
432,2.086853822473731,-2.879338058392802,5.522158383975507,0.0,43,0
433,-1.7384167797477974,1.7824067253566067,0.6058157447238973,0.0,43,0
434,2.898731527199531,2.824993032787203,4.447359868264955,0.0,43,0
435,-0.03222781317365485,2.647330855034429,0.7927021279867569,0.0,43,0
436,1.3273939247676732,1.5452755061268442,0.5295641262297467,0.0,43,0
437,-0.9216833522800627,-1.7874524542330914,6.097220534190103,0.0,43,0
438,-1.194472982600701,2.6853319527399884,1.5746089114170503,0.0,43,0
439,1.1658019285422703,2.9304683419650432,3.909606514397358,0.0,43,0
440,0.8016168627510021,-0.21928690502172127,5.473225555026753,0.0,44,0
441,-3.042259034656816,2.017439716480621,0.5372357271024237,0.0,44,0
442,2.0916323062921767,-2.8838792569199327,5.523920978624224,0.0,44,0
443,-1.7336226017352145,1.7855150429738507,0.6077141786753139,0.0,44,0
444,2.8969422435330707,2.818613488702591,4.446638677874781,0.0,44,0
445,-0.0275175397374137,2.652056179975096,0.7935375053905016,0.0,44,0
446,1.333043310661162,1.5488154855760499,0.53011595935087,0.0,44,0
447,-0.9151920107025886,-1.7886710401676238,6.096958176752361,0.0,44,0
448,-1.1939014108722157,2.692635279798268,1.5730620612349377,0.0,44,0
449,1.160865668930329,2.9256386725173225,3.9076523277997848,0.0,44,0
450,0.8057484580690889,-0.2236078954992554,5.473257531948208,0.0,45,0
451,-3.036876030079867,2.0204778500354332,0.5356211993264542,0.0,45,0
452,2.0959895788564875,-2.888011779072892,5.525779601611647,0.0,45,0
453,-1.7292506350121102,1.7883670132802267,0.6078526670933632,0.0,45,0
454,2.895296848443975,2.8128154086805086,4.44655073442123,0.0,45,0
455,-0.023253283483086116,2.6563606405911977,0.7948327269370439,0.0,45,0
456,1.3381634337027422,1.5520364505236168,0.5304532221495938,0.0,45,0
457,-0.9092958109252418,-1.7897773398768144,6.096879608803562,0.0,45,0
458,-1.193374408011845,2.6992534338842793,1.5746948775262664,0.0,45,0
459,1.1563739576956311,2.9212581939927356,3.905386660775231,0.0,45,0
460,0.8098817514970641,-0.22793327559130838,5.473031632860951,0.0,46,0
461,-3.031510284044583,2.0235230545793246,0.5381950949508901,0.0,46,0
462,2.1003378249636473,-2.8921329902177346,5.525652146693776,0.0,46,0
463,-1.7248655226983245,1.7912398289915497,0.6078359734557537,0.0,46,0
464,2.8936633871605664,2.8070181429609806,4.4474003540364375,0.0,46,0
465,-0.019013298588835912,2.660667253081163,0.7981018223690821,0.0,46,0
466,1.3432908214893156,1.555264489600184,0.5294574702169083,0.0,46,0
467,-0.9033907965633959,-1.7908853297548692,6.0974855454989285,0.0,46,0
468,-1.192876857550276,2.7058580007024373,1.5758103063231583,0.0,46,0
469,1.151889405321503,2.9168635371057867,3.9068106318993077,0.0,46,0
470,0.8140096348772663,-0.23225719010689627,5.473820241659325,0.0,47,0
471,-3.026137040620772,2.026565209626658,0.5383074173515868,0.0,47,0
472,2.1046919930904875,-2.8962545824192705,5.524983586794232,0.0,47,0
473,-1.7204732748914504,1.7941206488776187,0.608151551741399,0.0,47,0
474,2.8920339255923424,2.8012148936285906,4.4488946037433506,0.0,47,0
475,-0.014788594332478746,2.6649750198225384,0.7976585491422334,0.0,47,0
476,1.3484150563505668,1.5584947415925077,0.5312207483331592,0.0,47,0
477,-0.8974829048910262,-1.791997890828469,6.095198030594443,0.0,47,0
478,-1.1923722495952243,2.7124388434479347,1.5760895261848653,0.0,47,0
479,1.1474230801246466,2.912468371586297,3.9063933840090175,0.0,47,0
480,0.8181538222136882,-0.23658058125199077,5.472271655724478,0.0,48,0
481,-3.020757483779188,2.0296090461037677,0.5389185881723405,0.0,48,0
482,2.1090467270909175,-2.900381931469493,5.524845574695215,0.0,48,0
483,-1.7160652542081063,1.797033540604962,0.6106175375394487,0.0,48,0
484,2.8904120654947794,2.7954158226987045,4.4492845497047995,0.0,48,0
485,-0.010590028098785316,2.6692792983962637,0.7978832672549653,0.0,48,0
486,1.3535378205389526,1.5617326893090933,0.5316349953487949,0.0,48,0
487,-0.891587482102773,-1.7931168198743037,6.094873637475777,0.0,48,0
488,-1.1918905141186547,2.7190082952121144,1.575927408685831,0.0,48,0
489,1.1429656856451829,2.9080963370701394,3.9048285966441076,0.0,48,0
490,0.8222842075764945,-0.24091001410275292,5.471101770943122,0.0,49,0
491,-3.0153754305951574,2.0326454327168353,0.5387447135522698,0.0,49,0
492,2.113400575082146,-2.9045170867543613,5.524475383650583,0.0,49,0
493,-1.7116536733393588,1.799959213909914,0.6119622741464582,0.0,49,0
494,2.888794290500741,2.7896137745906953,4.449334865461161,0.0,49,0
495,-0.006407113173394016,2.67357624779753,0.796740238820341,0.0,49,0
496,1.3586532783282812,1.56497568741659,0.529849061598405,0.0,49,0
497,-0.8856909094698642,-1.7942353518747585,6.096172046188322,0.0,49,0
498,-1.191422288776761,2.7255529574649153,1.577043858963467,0.0,49,0
499,1.1385244426293342,2.903717039241473,3.90542381257098,0.0,49,0
500,0.8264189539569998,-0.24523765250458834,5.470248312277637,0.0,50,0
501,-3.0099983215788897,2.0357079886559393,0.541970937328796,0.0,50,0
502,2.11774913406912,-2.9086436589613665,5.523950754933491,0.0,50,0
503,-1.7072214767921312,1.8029017188192482,0.6081608103547225,0.0,50,0
504,2.8871684928226147,2.7838117413602417,4.44933696800458,0.0,50,0
505,-0.0022528746807732015,2.6778699731545874,0.7975118100234717,0.0,50,0
506,1.3637734962139445,1.568224460556925,0.5292052360142542,0.0,50,0
507,-0.8797899619675266,-1.7953373811448252,6.095437263386087,0.0,50,0
508,-1.1909650724722767,2.73208287101461,1.5781470927185695,0.0,50,0
509,1.1341086856426024,2.899330380374962,3.9046472783463115,0.0,50,0
510,0.8305439995782532,-0.24957243905124377,5.4690853447736805,0.0,51,0
511,-3.0046271312303383,2.038777861729276,0.542775785636069,0.0,51,0
512,2.122101044678309,-2.9127734421206424,5.523584194763228,0.0,51,0
513,-1.7027678589053974,1.8058505818115262,0.607460097330575,0.0,51,0
514,2.8855482494083033,2.778006991668026,4.450249702646006,0.0,51,0
515,0.0018645751284870732,2.6821544678642972,0.7968803933436507,0.0,51,0
516,1.3688973358126744,1.5714661180496523,0.529472565893188,0.0,51,0
517,-0.8738895509997773,-1.796453929654787,6.095584697559243,0.0,51,0
518,-1.1905153859989905,2.738601144165969,1.578815269212702,0.0,51,0
519,1.129712219753453,2.894965778005191,3.9046869866722385,0.0,51,0
520,0.8346574414290012,-0.253919435854242,5.46794071248598,0.0,52,0
521,-2.9992669040881794,2.041850842435025,0.545763351799899,0.0,52,0
522,2.1264446425652994,-2.9169111640547563,5.5238134938739405,0.0,52,0
523,-1.6983136717389513,1.8088159164958955,0.609684278645836,0.0,52,0
524,2.883942799977086,2.7721996575846073,4.451396700516758,0.0,52,0
525,0.005952885917780791,2.6864406007002497,0.7961331267027598,0.0,52,0
526,1.3740248733713827,1.5746964835710389,0.5263207664481929,0.0,52,0
527,-0.8679927742930619,-1.7975919138802854,6.093482894588699,0.0,52,0
528,-1.1900670090381293,2.745102619077728,1.5777812890829226,0.0,52,0
529,1.1253678951484778,2.890593676656856,3.9063299400488396,0.0,52,0
530,0.8387647428736458,-0.25826690049496576,5.465712075973134,0.0,53,0
531,-2.993911101151716,2.0449321554084112,0.5445009945653199,0.0,53,0
532,2.1307927849082247,-2.9210450423594905,5.522135425108887,0.0,53,0
533,-1.6938417425687404,1.811802558730111,0.6089566713958298,0.0,53,0
534,2.8823375471850885,2.7663832002096935,4.452635734995735,0.0,53,0
535,0.01000078734697095,2.690712653225841,0.7957464688521383,0.0,53,0
536,1.3791558310546106,1.5779182482251581,0.5236968458544153,0.0,53,0
537,-0.8620993988441933,-1.7987172093179762,6.0961087385488515,0.0,53,0
538,-1.1896325177225098,2.7515862343902286,1.5764315511299694,0.0,53,0
539,1.1210664772058527,2.886223405744967,3.90658879292248,0.0,53,0
540,0.8428695061628106,-0.26262741855659594,5.46436082017752,0.0,54,0
541,-2.988542778931313,2.0480011911760427,0.5440949367850056,0.0,54,0
542,2.135141652067179,-2.925179535583032,5.523322015148289,0.0,54,0
543,-1.6893593670353542,1.8148049298253661,0.609784112546858,0.0,54,0
544,2.8807346704400465,2.76057036876181,4.452488243808899,0.0,54,0
545,0.01399273526421431,2.6949758839746623,0.795302448368644,0.0,54,0
546,1.3842924356460826,1.5811382372526275,0.5248332028210501,0.0,54,0
547,-0.8562085528089466,-1.799837030777515,6.094222870494465,0.0,54,0
548,-1.1892098841281116,2.7580566177038968,1.578135962813791,0.0,54,0
549,1.116810678663515,2.881867072315615,3.9071863345224758,0.0,54,0
550,0.8473679779137623,-0.2674407634944429,5.463216100452035,0.0,55,0
551,-2.9826442359347505,2.0513939752066626,0.5457612470617684,0.0,55,0
552,2.1399191118784104,-2.9297284704485795,5.523356078682826,0.0,55,0
553,-1.6844280105393525,1.8181269437937624,0.6097807877111383,0.0,55,0
554,2.8789715235029787,2.754173204015597,4.452201653188752,0.0,55,0
555,0.018318501692222388,2.699651549553382,0.7954332852416259,0.0,55,0
556,1.3899437575011147,1.5847004385835906,0.5226201398771472,0.0,55,0
557,-0.8497241689601064,-1.801062220225973,6.0949190481493885,0.0,55,0
558,-1.188750243406481,2.765158399222472,1.5784670302873292,0.0,55,0
559,1.1122009039028,2.877083236078502,3.906216376936827,0.0,55,0
560,0.8514529806424904,-0.27181480178655626,5.460298029458142,0.0,56,0
561,-2.9772879916679202,2.0544852760156664,0.5445506979442039,0.0,56,0
562,2.144266567128118,-2.933859667664075,5.523020634831441,0.0,56,0
563,-1.679924658048733,1.8211519949978494,0.6078395548086433,0.0,56,0
564,2.8773700090295606,2.7483587433969454,4.454025147622228,0.0,56,0
565,0.02217544333002446,2.703891580236433,0.7941681794614943,0.0,56,0
566,1.395084776802133,1.5879169012577472,0.5190565613269736,0.0,56,0
567,-0.8438192780186887,-1.8021754354493946,6.094672170169376,0.0,56,0
568,-1.1883350239824049,2.7715885462151784,1.5753917219437699,0.0,56,0
569,1.1080907114533367,2.872739328879558,3.9058644655073236,0.0,56,0
570,0.8555327804591287,-0.2761892507322798,5.460022325150356,0.0,57,0
571,-2.9719074837538084,2.0575663398648047,0.5427903030739339,0.0,57,0
572,2.148613552727332,-2.9380083588035495,5.522148479058331,0.0,57,0
573,-1.6754193772017598,1.8241976585815192,0.6082961264251064,0.0,57,0
574,2.875780279735878,2.742535174226375,4.455251363237555,0.0,57,0
575,0.025954877835950036,2.708127874014514,0.795594700670586,0.0,57,0
576,1.4002294188971696,1.591127059441979,0.5190728225832312,0.0,57,0
577,-0.8379228277559843,-1.8032989226493155,6.094731070300658,0.0,57,0
578,-1.1878998603947692,2.7780106608861335,1.5735327054607777,0.0,57,0
579,1.1040469538389532,2.868407111925616,3.9068035612121905,0.0,57,0
580,0.859617441436632,-0.28057201310865043,5.462192109005297,0.0,58,0
581,-2.966533805255139,2.0606419185578955,0.5428097260427801,0.0,58,0
582,2.152957853999993,-2.9421428804947163,5.522247188390327,0.0,58,0
583,-1.670895090457976,1.8272446596056386,0.6054729570894627,0.0,58,0
584,2.8741929456308433,2.7367184537935905,4.457367156430142,0.0,58,0
585,0.029640973188497927,2.712337679342963,0.7932638072955527,0.0,58,0
586,1.4053739050441376,1.5943422598357624,0.5195217294458593,0.0,58,0
587,-0.8320215202939534,-1.8044085658471514,6.095709227118497,0.0,58,0
588,-1.1874849957282447,2.7844167850025108,1.5743042180566924,0.0,58,0
589,1.1001053116764978,2.8640741191735555,3.906363802117566,0.0,58,0
590,0.8637032886976849,-0.2849504921928353,5.4597486295310995,0.0,59,0
591,-2.9611655006089777,2.0637107929966856,0.5433624985074794,0.0,59,0
592,2.157300208359925,-2.946271996447655,5.521307721552437,0.0,59,0
593,-1.6663635325639121,1.830301171538966,0.6063164065791659,0.0,59,0
594,2.872614863429118,2.730898395967838,4.458789199844504,0.0,59,0
595,0.03323475355074125,2.716534496756932,0.7935203248328035,0.0,59,0
596,1.4105143061099865,1.597557598533581,0.5205765353361854,0.0,59,0
597,-0.826121196805626,-1.8055227115408392,6.094676681849465,0.0,59,0
598,-1.1870883990373167,2.790810144066237,1.5759845419147454,0.0,59,0
599,1.0962663023820705,2.8597512441055972,3.9060217731558238,0.0,59,0
600,0.8677845109771722,-0.2893360811006353,5.460743210661115,0.0,60,0
601,-2.955796103939217,2.0667868386456085,0.543940873775432,0.0,60,0
602,2.1616441000153648,-2.9504136814541035,5.522213284519721,0.0,60,0
603,-1.6618182624401043,1.8333681797113004,0.6062797040460365,0.0,60,0
604,2.8710441981457633,2.7250774748425277,4.4583772985699754,0.0,60,0
605,0.03669904864692366,2.7207278129431764,0.7934750428518248,0.0,60,0
606,1.4156468552024029,1.600788014745662,0.5200539995325373,0.0,60,0
607,-0.8202168616915603,-1.8066436290705548,6.094306857341833,0.0,60,0
608,-1.1867038343224894,2.7971962088688898,1.5775960836553349,0.0,60,0
609,1.0925370272344184,2.8554452088342415,3.9066457981005707,0.0,60,0
610,0.871869912010712,-0.2937100605903372,5.461490811005259,0.0,61,0
611,-2.9504273496251288,2.0698550178779036,0.5443301595368348,0.0,61,0
612,2.1659844485129707,-2.9545547448000216,5.522694891790889,0.0,61,0
613,-1.657268683746069,1.83645119359549,0.605876943839317,0.0,61,0
614,2.8694749689173307,2.7192508476143575,4.459571109629561,0.0,61,0
615,0.040038266924689876,2.7249053757350636,0.7940116272342294,0.0,61,0
616,1.4207827191266318,1.6040133223307587,0.5204485960966543,0.0,61,0
617,-0.8143105230418226,-1.8077546302118528,6.094681923579878,0.0,61,0
618,-1.1863270371716736,2.80356572629774,1.5795980108370216,0.0,61,0
619,1.0889357022563573,2.8511445416371175,3.9045160045272453,0.0,61,0
620,0.8759499006493964,-0.2980874234276563,5.460153650154779,0.0,62,0
621,-2.945053586588539,2.0729397777949337,0.5457592172110665,0.0,62,0
622,2.170317662425238,-2.9586829317956775,5.522087048240096,0.0,62,0
623,-1.6527119476305687,1.839553021161715,0.6064267157474751,0.0,62,0
624,2.8679046689884156,2.713414893348581,4.46130033950884,0.0,62,0
625,0.043228532985113276,2.729079848646877,0.7954915331784891,0.0,62,0
626,1.4259148835169495,1.6072513689781132,0.5206003980966921,0.0,62,0
627,-0.8084059374783196,-1.8088721769917189,6.097054775145128,0.0,62,0
628,-1.1859659063179016,2.8099172098229315,1.5770498297855193,0.0,62,0
629,1.0854802272949666,2.8468644938009,3.9049588720437796,0.0,62,0
630,0.8800365395679111,-0.30246441382017764,5.461607870294311,0.0,63,0
631,-2.9396818927184603,2.0760167044313644,0.5442808842471885,0.0,63,0
632,2.174658372232788,-2.9628220942326124,5.520643197615286,0.0,63,0
633,-1.6481497798686406,1.8426558944498137,0.604778394384014,0.0,63,0
634,2.8663485519598964,2.707581512262329,4.460923632049215,0.0,63,0
635,0.046271090857007,2.7332498673440355,0.795407746811697,0.0,63,0
636,1.4310530766049951,1.6104937380654933,0.5212330056528082,0.0,63,0
637,-0.8025016613656228,-1.8099791929524511,6.097868367225208,0.0,63,0
638,-1.1855987033436495,2.8162593152794626,1.5764626008871652,0.0,63,0
639,1.0821860016609024,2.8425917244831043,3.9038289035163904,0.0,63,0
640,0.8841212489340254,-0.30684433200789063,5.463320294051037,0.0,64,0
641,-2.934307204805375,2.079082748920371,0.5416298336085662,0.0,64,0
642,2.178999751093682,-2.9669637570293035,5.5214880137754765,0.0,64,0
643,-1.6435687733193292,1.8457719183503747,0.6040826113082783,0.0,64,0
644,2.8647879208985434,2.7017553049903498,4.461693427079946,0.0,64,0
645,0.04914440228144829,2.7373922034339957,0.7940371372173284,0.0,64,0
646,1.4361804478736508,1.6137381483984463,0.5231774400300712,0.0,64,0
647,-0.7965950416586275,-1.8110743668507023,6.0984601008814145,0.0,64,0
648,-1.1852322037149545,2.8225871051928997,1.574946997420077,0.0,64,0
649,1.0790498148206575,2.8383257934377397,3.9052220957751893,0.0,64,0
650,0.8882096563186561,-0.3112253233897328,5.462010304843806,0.0,65,0
651,-2.9289229735827824,2.0821436709112477,0.5407986555774892,0.0,65,0
652,2.1833450997257198,-2.971092032340826,5.522493187136932,0.0,65,0
653,-1.6389787298468934,1.848885398417564,0.604337969522163,0.0,65,0
654,2.8632246890041917,2.6959286342306417,4.461640768959024,0.0,65,0
655,0.05185747353189775,2.7415287077957164,0.7945119263454998,0.0,65,0
656,1.4413098213239814,1.6169906276978205,0.5246080544176157,0.0,65,0
657,-0.7906889900186467,-1.8121826113674064,6.096671619491696,0.0,65,0
658,-1.1848648788860543,2.828915797410959,1.5754167338307588,0.0,65,0
659,1.076096096523223,2.834062101693115,3.9067151354344665,0.0,65,0
660,0.8927089436086547,-0.31604351141151954,5.462670513796297,0.0,66,0
661,-2.9230055548167693,2.0855280104076055,0.54183924153086,0.0,66,0
662,2.1881242334205067,-2.9756441695315305,5.522863799062478,0.0,66,0
663,-1.6339254375500867,1.8523273383555623,0.6030923235178314,0.0,66,0
664,2.8615119897853427,2.6895180728015142,4.4617840365285355,0.0,66,0
665,0.054637777793898556,2.7460786797486993,0.7944027814437375,0.0,66,0
666,1.4469358744302347,1.6205925517470001,0.527758296720574,0.0,66,0
667,-0.7841970096439483,-1.8133968558884355,6.095599357958224,0.0,66,0
668,-1.1844663541179903,2.835851132865387,1.5729809447917031,0.0,66,0
669,1.07304767998982,2.829389204665996,3.9082513939123813,0.0,66,0
670,0.8967994861673371,-0.3204123811724202,5.462099210499108,0.0,67,0
671,-2.917617466074374,2.088584992604952,0.5405298968659903,0.0,67,0
672,2.192473422971772,-2.979780021163996,5.5224247299204094,0.0,67,0
673,-1.6293239495764213,1.8554590229829278,0.6051340180679269,0.0,67,0
674,2.8599528164295074,2.6836773732748376,4.460951656265953,0.0,67,0
675,0.05696553476198649,2.7502079353445374,0.7953653742588324,0.0,67,0
676,1.452048347845808,1.6238639537454338,0.528098368944419,0.0,67,0
677,-0.778298677468836,-1.814513691923766,6.0960833207251355,0.0,67,0
678,-1.184105245082571,2.842143703226357,1.5729031377888298,0.0,67,0
679,1.0704869643896127,2.8251203895990415,3.908675065539341,0.0,67,0
680,0.9008912405805911,-0.3247952264114123,5.461355920567865,0.0,68,0
681,-2.912232060034078,2.09163538161231,0.5385782439994021,0.0,68,0
682,2.1968184170844087,-2.983923660404049,5.520972761600424,0.0,68,0
683,-1.6247188418574725,1.858623734969533,0.6050005989607865,0.0,68,0
684,2.858388852429231,2.6778444168325066,4.462339113840174,0.0,68,0
685,0.05909954153584665,2.7543508389633997,0.7949442371790595,0.0,68,0
686,1.4571580720499135,1.6271477240331955,0.5269509379884931,0.0,68,0
687,-0.7723972233600672,-1.8156179311439355,6.097102551774182,0.0,68,0
688,-1.1837636706458823,2.8484220824523585,1.5753250337920852,0.0,68,0
689,1.0681153912220578,2.8208503090503836,3.9091981369125794,0.0,68,0
690,0.9049699238136573,-0.32918354279692225,5.461037109169168,0.0,69,0
691,-2.906847535279311,2.094687590296285,0.5406635875734596,0.0,69,0
692,2.2011559277571267,-2.9880688117659115,5.519338645163511,0.0,69,0
693,-1.620106314182724,1.8617960832929439,0.6055432421290008,0.0,69,0
694,2.8568191738736197,2.6720071310606444,4.4619752563965545,0.0,69,0
695,0.061049034129681434,2.758492501060749,0.7959104146757436,0.0,69,0
696,1.4622724518162813,1.6304278149571452,0.5278457461491571,0.0,69,0
697,-0.7664910016299292,-1.8167145000865108,6.098518228577175,0.0,69,0
698,-1.183430720227101,2.854695836401641,1.5736918482500823,0.0,69,0
699,1.0659363965941522,2.816573937528272,3.9092634329215574,0.0,69,0
700,0.9090591592628001,-0.33356704567246637,5.463884860867668,0.0,70,0
701,-2.901464431241569,2.0977554877875257,0.5405711230191221,0.0,70,0
702,2.2054903464617315,-2.9922164585298416,5.520775489485281,0.0,70,0
703,-1.6154888985773397,1.864985866387585,0.6048289385632889,0.0,70,0
704,2.855255666886111,2.666168651773046,4.462840609131052,0.0,70,0
705,0.06280251464779484,2.762646221263321,0.797128423344815,0.0,70,0
706,1.4673927012838468,1.6337129620324022,0.5272288720367876,0.0,70,0
707,-0.7605896908811823,-1.8178068914149579,6.10070451312688,0.0,70,0
708,-1.1830965049249422,2.860947706428085,1.5729507158187426,0.0,70,0
709,1.0639450290296475,2.8123004503251945,3.9088886609704963,0.0,70,0
710,0.913172617554352,-0.3379400566486946,5.464247009537231,0.0,71,0
711,-2.8960832566823904,2.1008189924248413,0.5401626569572818,0.0,71,0
712,2.2098269515637763,-2.996369460614976,5.52216051657408,0.0,71,0
713,-1.610858990345528,1.8681777284805137,0.6050897295999976,0.0,71,0
714,2.8537004332798213,2.6603219897735193,4.464078755389699,0.0,71,0
715,0.06438224003534,2.766810379280486,0.7973771304911512,0.0,71,0
716,1.4725060490299895,1.6370032055561543,0.5302204527663051,0.0,71,0
717,-0.7546854653632248,-1.8188987762247464,6.099366244429385,0.0,71,0
718,-1.1827752903535804,2.8671863235848773,1.574903990193267,0.0,71,0
719,1.062131222224258,2.8080129845255435,3.909057227945183,0.0,71,0
720,0.91727324381716,-0.34231172637068846,5.465043355437024,0.0,72,0
721,-2.8906844108381886,2.10386916698391,0.5402786649820083,0.0,72,0
722,2.2141731158960902,-3.0005068645599957,5.520044426965715,0.0,72,0
723,-1.6062278712670879,1.8713670810018954,0.6007353002902082,0.0,72,0
724,2.852159736212389,2.6544690027502993,4.466109050937563,0.0,72,0
725,0.06579120410977421,2.7709920536447354,0.7969385934304528,0.0,72,0
726,1.4776075101727006,1.6403002831726454,0.5306930905368582,0.0,72,0
727,-0.7487886859580962,-1.8199816117692424,6.099979296066169,0.0,72,0
728,-1.182458792721131,2.873409443566319,1.5754530809759373,0.0,72,0
729,1.0604780911075102,2.8037184361312795,3.9078561230751094,0.0,72,0
730,0.9213675986943625,-0.34668278187496554,5.466012335414086,0.0,73,0
731,-2.8852981399986963,2.106921677153515,0.5407197246766069,0.0,73,0
732,2.218523348298193,-3.0046444440247226,5.52078152927888,0.0,73,0
733,-1.6015717632124618,1.8745528063931371,0.6005045525483697,0.0,73,0
734,2.850619371653109,2.648615349545727,4.468025752688154,0.0,73,0
735,0.06704440558791776,2.77518587613332,0.7976779590291271,0.0,73,0
736,1.4827109022015323,1.6435896954381601,0.531864581713226,0.0,73,0
737,-0.7428899726318254,-1.8210692417843202,6.100251872533373,0.0,73,0
738,-1.182172670612495,2.8796315011852345,1.5780736761627923,0.0,73,0
739,1.058976329519192,2.7994066304037006,3.9060995056043026,0.0,73,0
740,0.9254645448802646,-0.3510544639721638,5.465942220423994,0.0,74,0
741,-2.87990653203802,2.1099848736610816,0.5412449406597628,0.0,74,0
742,2.2228579989665485,-3.008789588903191,5.520881801571442,0.0,74,0
743,-1.5969198372676356,1.8777554203529656,0.6009945004634576,0.0,74,0
744,2.849081959110004,2.6427633770149854,4.467964008905386,0.0,74,0
745,0.06814599936976429,2.7794015976278907,0.7970977984052454,0.0,74,0
746,1.4878202245392151,1.6468954730432546,0.5307975169972241,0.0,74,0
747,-0.7369841198855377,-1.8221585481170277,6.099918373198381,0.0,74,0
748,-1.181895136770181,2.8858422371680876,1.5775914112874174,0.0,74,0
749,1.0576294256859997,2.7950826974416167,3.908496634691375,0.0,74,0
750,0.9295672391852853,-0.35542232772474974,5.465057982046131,0.0,75,0
751,-2.8745216157795426,2.113046569092072,0.5410596305141572,0.0,75,0
752,2.2272069417566662,-3.012934494854539,5.52099648731737,0.0,75,0
753,-1.5922567863716774,1.8809721989402997,0.6004734207507366,0.0,75,0
754,2.847545140599767,2.6369128714861967,4.466037404410333,0.0,75,0
755,0.06911680449166964,2.783648220696379,0.7979897119127634,0.0,75,0
756,1.4929382255014358,1.6501971433157148,0.5300012877225568,0.0,75,0
757,-0.7310751699751298,-1.8232434886249818,6.09977287829105,0.0,75,0
758,-1.181618952097681,2.892039287613647,1.578621347594173,0.0,75,0
759,1.0564271492262574,2.7907379111015795,3.908757175293498,0.0,75,0
760,0.9336599301574878,-0.35978922250083006,5.464423046636681,0.0,76,0
761,-2.8691309223259935,2.1161075621838576,0.5399652186601359,0.0,76,0
762,2.23155071121519,-3.017078034343775,5.520795315403268,0.0,76,0
763,-1.5875856752856776,1.8841895127888777,0.5984803472276397,0.0,76,0
764,2.845996704429308,2.6310704567239838,4.4659702615306385,0.0,76,0
765,0.06996784026146118,2.787920796601518,0.7968629700507228,0.0,76,0
766,1.4980425486303652,1.6534978469077857,0.5340840041854452,0.0,76,0
767,-0.7251610545052034,-1.8243271419782399,6.102061047583271,0.0,76,0
768,-1.1813526968407124,2.898234795552105,1.5791779394016352,0.0,76,0
769,1.0553292192629828,2.7863553992134653,3.9099546995675007,0.0,76,0
770,0.9381680218208639,-0.36461764741650027,5.463762380511228,0.0,77,0
771,-2.8632007687362466,2.119467844857377,0.5395513837629755,0.0,77,0
772,2.2363329444291855,-3.0216400696874466,5.522165983955592,0.0,77,0
773,-1.582439738185585,1.8877299473069025,0.6000798270473103,0.0,77,0
774,2.8442876871240146,2.6246363517930402,4.4653338189772285,0.0,77,0
775,0.0707755320501092,2.7926568462048307,0.7980750319239048,0.0,77,0
776,1.5036637088112463,1.6571332434149506,0.5311396386726017,0.0,77,0
777,-0.7186691237118684,-1.8255190010746984,6.09980488571198,0.0,77,0
778,-1.181071659434362,2.9050357450980404,1.5800901402614882,0.0,77,0
779,1.054239365465732,2.781512611112364,3.9060744795537183,0.0,77,0
780,0.9422606403524556,-0.36899558104773494,5.46266983146978,0.0,78,0
781,-2.85780680290669,2.1225265029476357,0.5424819072990742,0.0,78,0
782,2.240686937558552,-3.0257672275634366,5.523024222881458,0.0,78,0
783,-1.5777617192058093,1.89097792733051,0.6020485442627118,0.0,78,0
784,2.842728849671492,2.6187857909073053,4.4644635504372605,0.0,78,0
785,0.07140944458800842,2.796992899266753,0.7991220597148152,0.0,78,0
786,1.5087686476786415,1.6604373897840548,0.5336937328327547,0.0,78,0
787,-0.7127675956011799,-1.8266056838792568,6.1006532652980825,0.0,78,0
788,-1.1808288003678404,2.911194096224517,1.5813890961649852,0.0,78,0
789,1.0533479514490323,2.7770903812337693,3.907644671720882,0.0,78,0
790,0.94635363031204,-0.37336652670924764,5.4643881680828414,0.0,79,0
791,-2.852428464493588,2.125604763394747,0.5443317467973768,0.0,79,0
792,2.245033153757825,-3.029903859695244,5.523270838569718,0.0,79,0
793,-1.573087008007667,1.8942274430750488,0.5998336586918243,0.0,79,0
794,2.841173143834048,2.612926879166625,4.4652540528958236,0.0,79,0
795,0.07197999003526678,2.801357319915827,0.7977717422388799,0.0,79,0
796,1.5138750372984817,1.6637394948528565,0.5317811742835592,0.0,79,0
797,-0.7068697611716035,-1.8276810213990993,6.101564431480425,0.0,79,0
798,-1.1805822577658371,2.9173495596294026,1.5792688853824999,0.0,79,0
799,1.0525319511537548,2.7726373631238013,3.907060612432272,0.0,79,0
800,0.9504476406160989,-0.37774162982232423,5.466187180853521,0.0,80,0
801,-2.8470525179747304,2.1286888645114717,0.5458307136243017,0.0,80,0
802,2.2493885939085265,-3.0340357905256723,5.524777081251971,0.0,80,0
803,-1.5684071136114843,1.8974919596921558,0.5991793421256356,0.0,80,0
804,2.839607641069963,2.6070748177802803,4.464583280543336,0.0,80,0
805,0.07247602285848993,2.805760389037697,0.796722732062794,0.0,80,0
806,1.5189856375546265,1.667034917232073,0.5327433018369527,0.0,80,0
807,-0.7009599625449195,-1.8287511931862295,6.10339643758755,0.0,80,0
808,-1.180337903585605,2.9234947737735233,1.5772990946436358,0.0,80,0
809,1.0517823381975258,2.768157691592652,3.9085590454748846,0.0,80,0
810,0.954546359536935,-0.3821200611992286,5.46390575954946,0.0,81,0
811,-2.84166956082422,2.1317761104414776,0.5470561709075292,0.0,81,0
812,2.253739372407018,-3.038161281193158,5.526311378668629,0.0,81,0
813,-1.5637101692005533,1.9007582125561806,0.5998945443315594,0.0,81,0
814,2.838033013212234,2.6012203047573146,4.464335583257781,0.0,81,0
815,0.07291575635552193,2.8101927347788322,0.7984728105811231,0.0,81,0
816,1.5240969282099395,1.6703341509302425,0.533829094227562,0.0,81,0
817,-0.6950450453598311,-1.8298101553557415,6.103817186558961,0.0,81,0
818,-1.180090158049616,2.9296317690269795,1.5760356447129156,0.0,81,0
819,1.0510812221952426,2.7636512188461775,3.908419623187126,0.0,81,0
820,0.958647509190376,-0.3864927490204238,5.468765234915015,0.0,82,0
821,-2.836303269906336,2.1348787329141095,0.548310478081126,0.0,82,0
822,2.258089160897055,-3.0422858950201577,5.523426127005639,0.0,82,0
823,-1.5590251207227044,1.9040510142164666,0.6018542315944333,0.0,82,0
824,2.836460770605123,2.5953720278171466,4.463268247185356,0.0,82,0
825,0.07330890778866075,2.8146655504135296,0.7982709817805086,0.0,82,0
826,1.5292053906379455,1.6736284016772933,0.5325306121920057,0.0,82,0
827,-0.6891358609278415,-1.8308652615460907,6.105441494731562,0.0,82,0
828,-1.1798375214193668,2.9357568478008984,1.5745603596711304,0.0,82,0
829,1.050415289243717,2.7591164434688054,3.9059796343994773,0.0,82,0
830,0.9627611976239973,-0.39085583329179924,5.468297318097877,0.0,83,0
831,-2.830936667127484,2.137980909410167,0.5471734219383657,0.0,83,0
832,2.262436867370023,-3.046426181590375,5.521475857702338,0.0,83,0
833,-1.5543321680001707,1.907352526121224,0.602068029273273,0.0,83,0
834,2.834877427592556,2.5895139822795796,4.463982217565888,0.0,83,0
835,0.07367527092838128,2.8191702562487815,0.7979617238985087,0.0,83,0
836,1.5343348804829384,1.6769178354501433,0.5345042562986355,0.0,83,0
837,-0.6832191654076449,-1.8319184837142612,6.105671308385686,0.0,83,0
838,-1.179594956788225,2.941878123203531,1.5762966480035805,0.0,83,0
839,1.0497941665391586,2.7545481024220004,3.9090851880509137,0.0,83,0
840,0.9668726012715706,-0.39521916918124494,5.466696501142652,0.0,84,0
841,-2.8255615846441606,2.141077449765917,0.5477190175838926,0.0,84,0
842,2.2667832835636506,-3.0505663261340317,5.522208992238092,0.0,84,0
843,-1.5496351352981028,1.9106621596361257,0.6022057970639246,0.0,84,0
844,2.8332903670806036,2.5836580138910707,4.463105478488379,0.0,84,0
845,0.07401609759291272,2.8237229791252303,0.7994479613038812,0.0,84,0
846,1.5394571815557792,1.6802115608351476,0.5370220032242183,0.0,84,0
847,-0.6773037650277073,-1.8329701544432164,6.105711510257392,0.0,84,0
848,-1.1793514515280537,2.9479907329691204,1.5740006382542882,0.0,84,0
849,1.049192389502998,2.7499469101929748,3.9106683221452787,0.0,84,0
850,0.9709624740100538,-0.3995876772780033,5.46609637290063,0.0,85,0
851,-2.8201899367153427,2.144176145322277,0.5483101061838832,0.0,85,0
852,2.2711351486857723,-3.0547045220834685,5.523167964337222,0.0,85,0
853,-1.5449378498671298,1.9139901947265794,0.6037735924520576,0.0,85,0
854,2.831703501336088,2.577795918616994,4.463941133651401,0.0,85,0
855,0.07433999656736383,2.828306484153341,0.8014257292622535,0.0,85,0
856,1.5445756747189607,1.6835098676416627,0.5385358252193825,0.0,85,0
857,-0.671384544365241,-1.8340084151719953,6.107485259582384,0.0,85,0
858,-1.17909867742881,2.9540882803107116,1.5730502865718776,0.0,85,0
859,1.0486089293352812,2.745299622217809,3.912371394003686,0.0,85,0
860,0.9750708262061765,-0.40396466415484167,5.464432580990167,0.0,86,0
861,-2.814815855031863,2.147275503845697,0.5501580727498296,0.0,86,0
862,2.275491958314849,-3.0588377062913086,5.524064348375931,0.0,86,0
863,-1.540232418728416,1.9173168909169405,0.6012940549469665,0.0,86,0
864,2.830119605237307,2.571935076213759,4.464385443471415,0.0,86,0
865,0.07465664191193774,2.832928786371923,0.8009305626555296,0.0,86,0
866,1.5496962183957326,1.6868052910774194,0.5397569681238933,0.0,86,0
867,-0.6654687368701725,-1.8350608632819028,6.105379459693859,0.0,86,0
868,-1.1788460208504667,2.9601707205667793,1.571004588910075,0.0,86,0
869,1.0480316201214896,2.7406382070415214,3.9115056928502234,0.0,86,0
870,0.9791593078315072,-0.4083478340470683,5.4621941836567425,0.0,87,0
871,-2.8094469348127835,2.150393409405895,0.5512404859562833,0.0,87,0
872,2.279845201182117,-3.0629705321070073,5.523239062498151,0.0,87,0
873,-1.5355309040007046,1.920643407992883,0.600903169088813,0.0,87,0
874,2.828523519046378,2.566072849154749,4.4627831482377855,0.0,87,0
875,0.07497119852520945,2.8375927920037136,0.7997426133561091,0.0,87,0
876,1.5548377645380422,1.6900907375347358,0.5373965775352111,0.0,87,0
877,-0.6595537169429306,-1.8361097720410446,6.106276677849823,0.0,87,0
878,-1.1785859244169001,2.966254662020434,1.5708518949836254,0.0,87,0
879,1.0474521920614321,2.735945045210928,3.910803066792569,0.0,87,0
880,0.9836475365662641,-0.41318021300928354,5.4600893084899145,0.0,88,0
881,-2.80354531621999,2.1538233271326215,0.5511406115551178,0.0,88,0
882,2.2846289181967636,-3.067527033375271,5.52132018568614,0.0,88,0
883,-1.5303416669107097,1.9243142621914666,0.6012318925024264,0.0,88,0
884,2.8267639001519727,2.5596245669548354,4.463542563728395,0.0,88,0
885,0.07532889017922281,2.842748497727811,0.8014482107372507,0.0,88,0
886,1.560497682819323,1.693693497066238,0.5374173332675641,0.0,88,0
887,-0.6530432180194881,-1.837257272138399,6.105874949661917,0.0,88,0
888,-1.178298751699852,2.972936479141878,1.5695915436502268,0.0,88,0
889,1.0467893287796919,2.730774595511747,3.9076345890303776,0.0,88,0
890,0.9877189496795095,-0.41758506626667624,5.459003922470717,0.0,89,0
891,-2.7981785907984493,2.1569329599751215,0.5503015489760934,0.0,89,0
892,2.2889730132053403,-3.07167239555854,5.520727480874496,0.0,89,0
893,-1.5256207485332094,1.9276650903667554,0.6015711963202879,0.0,89,0
894,2.8251718695061157,2.553756311877901,4.464767714179931,0.0,89,0
895,0.07566127107138265,2.847479396104265,0.8008353018525214,0.0,89,0
896,1.5656534368215673,1.6969534165400713,0.5391734985788945,0.0,89,0
897,-0.6471372241755861,-1.8383115278038469,6.1058395854998295,0.0,89,0
898,-1.1780462193543968,2.9789951555619854,1.5673966207733436,0.0,89,0
899,1.0461532519048171,2.726053945665976,3.9098084050924213,0.0,89,0
900,0.9917851395493775,-0.42198343742094957,5.457719607585748,0.0,90,0
901,-2.7928087482450312,2.160041713403856,0.5486771289056083,0.0,90,0
902,2.2933055201498314,-3.075815333191663,5.519874210772537,0.0,90,0
903,-1.5209034873303746,1.93102211148443,0.6024930838978022,0.0,90,0
904,2.8235699176166515,2.5478826290216356,4.463567924998782,0.0,90,0
905,0.07600999817513439,2.852247489855151,0.8013541098258025,0.0,90,0
906,1.5708103022049242,1.7001995085287103,0.5388688047684425,0.0,90,0
907,-0.6412221677938413,-1.8393618781588537,6.103785867580512,0.0,90,0
908,-1.1777780454943432,2.9850400862365976,1.566579587623324,0.0,90,0
909,1.0455058769279588,2.7213032432288604,3.908119701916212,0.0,90,0
910,0.995856088454406,-0.42638823956655963,5.459893088087965,0.0,91,0
911,-2.787435157390383,2.163146816958041,0.550141072794261,0.0,91,0
912,2.2976480186335135,-3.0799631881439047,5.518882495499687,0.0,91,0
913,-1.516185293757993,1.9343942195289734,0.6037484986119447,0.0,91,0
914,2.821960539788793,2.5420061150786264,4.466361080769484,0.0,91,0
915,0.07637340411096569,2.8570421492520404,0.8005760459477238,0.0,91,0
916,1.5759816383734606,1.7034426960639093,0.5395232568094519,0.0,91,0
917,-0.6353052476801135,-1.8404316082819034,6.103864283681895,0.0,91,0
918,-1.1775148349809823,2.9910834292849815,1.5645062707956159,0.0,91,0
919,1.0448137288626218,2.7165464247717845,3.908763078147614,0.0,91,0
920,0.9999353706386649,-0.4307887661711803,5.460524950230833,0.0,92,0
921,-2.7820627220773066,2.1662533758475857,0.5499135858735504,0.0,92,0
922,2.3019793879739927,-3.0841146105647645,5.518793228075314,0.0,92,0
923,-1.51147241898627,1.9377737043227807,0.6035366291670043,0.0,92,0
924,2.8203716919334467,2.5361270916182566,4.466181996184028,0.0,92,0
925,0.07676456607239598,2.8618770499738346,0.802273204997159,0.0,92,0
926,1.581160664501514,1.706679424180762,0.5406413320599666,0.0,92,0
927,-0.629394856448122,-1.8415038664721202,6.104091959443922,0.0,92,0
928,-1.1772494065371262,2.997122115127902,1.567075071364938,0.0,92,0
929,1.0440951992018193,2.7117746776090783,3.9099472787370986,0.0,92,0
930,1.0040172355733483,-0.43518466799721417,5.461378899459035,0.0,93,0
931,-2.7766775331329043,2.1693655131984775,0.5476470493217054,0.0,93,0
932,2.3063053759506174,-3.0882688313577153,5.519918513995493,0.0,93,0
933,-1.5067512241753096,1.9411712202604303,0.6037604101147072,0.0,93,0
934,2.818770951573645,2.5302470976799953,4.466948666455701,0.0,93,0
935,0.07718477238230277,2.8667438114608297,0.801029258797508,0.0,93,0
936,1.5863489894946297,1.7099088147409942,0.5405342506148465,0.0,93,0
937,-0.6234833482769351,-1.8425638653386958,6.103470872597937,0.0,93,0
938,-1.1769887366188492,3.0031538608037023,1.5650711548930056,0.0,93,0
939,1.0433541969356297,2.7069752344040046,3.910951955431461,0.0,93,0
940,1.00810448205112,-0.4395710859402195,5.461815268436245,0.0,94,0
941,-2.7712975632781323,2.1724672451850657,0.5475971478545332,0.0,94,0
942,2.3106396614039144,-3.0924142045809564,5.520430433063683,0.0,94,0
943,-1.5020242148514509,1.9445695684780946,0.6029816310844526,0.0,94,0
944,2.8171698417942617,2.524352000119969,4.466019954691636,0.0,94,0
945,0.07764028866933159,2.8716315944112334,0.8021225064796511,0.0,94,0
946,1.5915463457682286,1.713129838646398,0.541895264563972,0.0,94,0
947,-0.6175650057691564,-1.8436186811439093,6.105734756973935,0.0,94,0
948,-1.1767289594736525,3.0091737147173405,1.5668525874946422,0.0,94,0
949,1.0425832855261714,2.7021584203680478,3.9147055530163954,0.0,94,0
950,1.0121804456999142,-0.44396591455972606,5.461227756576614,0.0,95,0
951,-2.765916225848979,2.175561247527552,0.5472822491301643,0.0,95,0
952,2.314960743765865,-3.096572884863758,5.516029299419442,0.0,95,0
953,-1.4972881629116186,1.9479783701207207,0.6032336140142986,0.0,95,0
954,2.8155691956622024,2.5184649354451394,4.469652765504799,0.0,95,0
955,0.07813491516238065,2.8765597428917973,0.8012169907908787,0.0,95,0
956,1.5967534176225777,1.7163387397654324,0.5427949538375058,0.0,95,0
957,-0.6116535623816584,-1.8446720541417763,6.10593540290944,0.0,95,0
958,-1.1764763230467803,3.015191808852342,1.5676800426796544,0.0,95,0
959,1.0417762415172567,2.6973141021604854,3.912001261622113,0.0,95,0
960,1.0162604630241634,-0.448369281840188,5.462912577616785,0.0,96,0
961,-2.760530861904134,2.178657980646215,0.5486615167524196,0.0,96,0
962,2.3192833678892617,-3.100729844943764,5.516987716097955,0.0,96,0
963,-1.492570188283796,1.9513930257844392,0.6042757264531019,0.0,96,0
964,2.813975176750188,2.5125625813116317,4.469170391750263,0.0,96,0
965,0.07866157342947301,2.8815091178036596,0.799262824626137,0.0,96,0
966,1.601976881822534,1.7195323218828078,0.5434190060056061,0.0,96,0
967,-0.6057349706770117,-1.845735024240486,6.104109378011263,0.0,96,0
968,-1.1762304455217516,3.021190963624828,1.5671553302638916,0.0,96,0
969,1.0409048142315362,2.692470532816152,3.9114180042650606,0.0,96,0
970,1.0203507299205674,-0.4527539292858325,5.46244879269998,0.0,97,0
971,-2.755153069366497,2.181770002195666,0.5488339015644921,0.0,97,0
972,2.3236059049319873,-3.104887446182993,5.517137162486671,0.0,97,0
973,-1.4878405150997123,1.9548319140335984,0.6062680292106567,0.0,97,0
974,2.8123754782576236,2.506671986943497,4.467333570938097,0.0,97,0
975,0.07922690806923487,2.8864877663721855,0.7988027550231707,0.0,97,0
976,1.6072186063965095,1.722714305790473,0.5430113599068229,0.0,97,0
977,-0.599820769862262,-1.8467893029979165,6.104846944600614,0.0,97,0
978,-1.1759883043769748,3.0271861680472907,1.567990532522407,0.0,97,0
979,1.0399888212633135,2.687626099679764,3.911290033860501,0.0,97,0
980,1.024430250933249,-0.4571412868727391,5.463159831437592,0.0,98,0
981,-2.7497737249284886,2.1848713700821323,0.5462809286839989,0.0,98,0
982,2.327933603637064,-3.109044384629289,5.518354222906728,0.0,98,0
983,-1.483112035512006,1.9582829058959852,0.6079024507286969,0.0,98,0
984,2.8107491085296963,2.50077679935975,4.4668475827047205,0.0,98,0
985,0.07982914118479163,2.891486956060441,0.7978739823690535,0.0,98,0
986,1.6124809409913776,1.7258771330834806,0.5423049550421231,0.0,98,0
987,-0.5939077466283035,-1.8478469823611965,6.104249799978437,0.0,98,0
988,-1.1757544922761747,3.033170940218227,1.5694752891812551,0.0,98,0
989,1.03903771354078,2.6827700714124103,3.9102219604380957,0.0,98,0
990,1.028917129255989,-0.46197312643307364,5.461035266182768,0.0,99,0
991,-2.7438497368613604,2.1882767737479005,0.5453957605111045,0.0,99,0
992,2.3326943679718393,-3.113621809723604,5.515393328758534,0.0,99,0
993,-1.4779231464037865,1.9620854189295058,0.6077209650740991,0.0,99,0
994,2.8089560586696583,2.4942916135036115,4.4659198980344375,0.0,99,0
995,0.08054954530135693,2.897019867168398,0.7988746917323993,0.0,99,0
996,1.6182971448891423,1.7293173774585289,0.5380849088980947,0.0,99,0
997,-0.5874063972730011,-1.849019577528307,6.102905897417764,0.0,99,0
998,-1.1755081502042393,3.0397566314660924,1.5708245961886322,0.0,99,0
999,1.0379202845563114,2.6774192816714155,3.911762594647559,0.0,99,0
